NOME_MUNIC_RES,TAXA_EVASAO,VOLUME,MEDIA_DIAS,CLUSTER
Americana,0.13634983297904646,3293,7.820832068023079,0
Artur Nogueira,1.0,394,5.451776649746193,2
Campinas,0.03448562406514875,24068,7.065605783613096,0
Cosmópolis,0.26112026359143325,1214,5.367380560131796,3
Engenheiro Coelho,1.0,294,7.037414965986395,2
Holambra,1.0,188,6.51063829787234,2
Hortolândia,0.5257695060844667,2794,6.639942734430924,1
Indaiatuba,0.0785008863003292,3949,7.705495062041023,0
Itatiba,0.14814814814814814,2295,4.280174291938998,3
Jaguariúna,0.14188615123194562,1177,6.660152931180969,3
Monte Mor,0.5374149659863946,882,6.0022675736961455,1
Morungaba,0.305,400,3.475,3
Nova Odessa,0.22378277153558052,1068,7.157303370786517,0
Paulínia,0.09796854521625163,3052,5.805045871559633,3
Pedreira,0.2996389891696751,831,6.179302045728038,3
Santa Bárbara d'Oeste,0.2763496143958869,2334,8.088260497000856,0
Santo Antônio de Posse,1.0,285,5.529824561403509,2
Sumaré,0.5063251106894371,3162,6.6179633143580014,1
Valinhos,0.1486810551558753,1668,7.865107913669065,0
Vinhedo,0.09357097390197326,1571,5.961171228516868,3
