ANO_CMPT,MES_CMPT,INTERNACOES,MEDIA_PERM,TAXA_EVASAO
2022,01,120,7.78,50.0
2022,02,943,7.07,16.54
2022,03,766,6.11,16.19
2022,04,1065,6.49,15.49
2022,05,1266,6.38,15.64
2022,06,1379,6.94,14.65
2022,07,1292,6.56,14.4
2022,08,1120,6.72,15.54
2022,09,1083,6.27,14.31
2022,10,1061,7.05,14.14
2022,11,989,7.39,14.46
2022,12,874,7.12,16.02
2023,01,974,6.89,12.63
2023,02,1045,6.41,15.5
2023,03,1261,6.11,16.89
2023,04,1306,6.95,15.93
2023,05,1374,6.73,17.76
2023,06,1367,6.65,15.58
2023,07,1450,7.34,16.69
2023,08,1317,6.95,19.21
2023,09,1184,7.19,18.75
2023,10,997,7.41,17.35
2023,11,1016,7.35,17.22
2023,12,877,7.11,17.1
2024,01,868,7.88,15.32
2024,02,818,7.5,16.38
2024,03,1121,6.66,19.36
2024,04,1330,6.55,18.5
2024,05,1370,6.99,17.66
2024,06,1390,6.65,18.06
2024,07,1416,6.66,15.82
2024,08,1457,6.54,15.79
2024,09,1247,6.98,15.48
2024,10,1156,7.19,17.91
2024,11,1137,7.01,17.15
2024,12,1122,6.85,17.11
2025,01,998,7.99,16.23
2025,02,858,6.43,18.53
2025,03,1080,6.64,14.35
2025,04,1243,6.33,15.53
2025,05,1569,6.15,16.89
2025,06,1521,6.8,15.58
2025,07,1547,7.48,17.13
2025,08,1259,6.49,16.6
2025,09,1214,7.07,18.45
2025,10,1037,6.76,15.81
2025,11,1094,6.25,19.74
2025,12,941,7.0,13.07
